Section,Metric,Value
Summary,Total Samples,90
Summary,Number of Classes,5
Summary,Overall Accuracy,0.7444444444444445
Summary,Balanced Accuracy,0.7137777777777778

Class,Precision,Recall,F1-Score,Support
bihag,0.7857142857142857,0.88,0.830188679245283,25
darbari,0.8888888888888888,0.8,0.8421052631578948,20
desh,0.7647058823529411,0.7222222222222222,0.7428571428571428,18
gaud_malhar,0.625,0.6666666666666666,0.6451612903225806,15
yaman,0.5454545454545454,0.5,0.5217391304347826,12

Overall Metric,Value
Accuracy,0.7444444444444445
Macro Precision,0.7219527204821322
Macro Recall,0.7137777777777778
Macro F1,0.7164103012035368
Weighted Precision,0.7456199483160268
Weighted Recall,0.7444444444444445
Weighted F1,0.7434059970641625
